{"min_mse_mper": 9.72099494934082, "min_mse_cmt": 0.038646399974823, "min_mse_rt": 0.022760827094316483, "argmin_mse_rt": 96.0, "mse_factor_mper": 427.0932312011719, "mse_factor_cmt": 1.6979347467422485}
