{"min_mse_rt": 0.0009706747781446741, "mse_factor_mper": 42.83705472479762, "mse_factor_cmt": 1.7504091108929958, "variance_factor_mper": 62.427467346191406, "variance_factor_cmt": 1.991958737373352}
