{"recerror": 0.16620977100461296, "tenerror": 0.16628484458780898, "deviation": 0.003052357841991589, "deviation_conv": 5.412391145103754e-16}
